{
	"schemaVersion": 1,
	"id": "rcmdcraft",
	"version": "${version}",
	"name": "rcmdcraft",
	"description": "This is an example description! Tell everyone what your mod is about!",
	"authors": [
		"Me!"
	],
	"contact": {
		"homepage": "https://fabricmc.net/",
		"sources": "https://github.com/FabricMC/fabric-example-mod"
	},
	"license": "CC0-1.0",
	"icon": "assets/rcmdcraft/icon.png",
	"environment": "*",
	"entrypoints": {
		"main": [
			"com.rcmd.rcmdcraft.Rcmdcraft"
		],
		"client": [
			"com.rcmd.rcmdcraft.RcmdcraftClient"
		],
		"fabric-datagen": [
			"com.rcmd.rcmdcraft.RcmdcraftDataGenerator"
		]
	},
	"mixins": [
		"rcmdcraft.mixins.json",
		{
			"config": "rcmdcraft.client.mixins.json",
			"environment": "client"
		}
	],
	"depends": {
		"fabricloader": ">=0.15.11",
		"minecraft": "~1.19.2",
		"java": ">=17",
		"fabric-api": "*"
	},
	"suggests": {
		"another-mod": "*"
	}
}